{"cameraMode":{"drawMode":0,"name":"Shaded","section":"Shading Mode"},"sceneLighting":true,"audioPlay":false,"sceneViewState":{"showFog":true,"showMaterialUpdate":false,"showSkybox":true,"showFlares":true,"showImageEffects":true,"showParticleSystems":true},"in2DMode":false,"pivot":{"x":-3.267181634902954,"y":-11.804061889648438,"z":23.4029483795166},"rotation":{"x":0.24527162313461305,"y":0.00872119702398777,"z":-0.002206128556281328,"w":0.9694126844406128},"size":52.177581787109378,"orthographic":false}